time,body0_x,body0_y,body0_z,body1_x,body1_y,body1_z,body2_x,body2_y,body2_z
0.0,359.83554048,0.0,0.0,99900902288.61946,3147994724.395071,0.0,149955955133.3776,2639446929.247095,0.0
86400.0,1079.6433654728276,9.802898259868341,0.0,99702657871.67844,6292865178.252852,0.0,149867859997.53647,5278118536.1037035,0.0
172800.0,2159.2740538323606,39.22798081198101,0.0,99405316520.23976,9431480915.453327,0.0,149735724261.14572,7915239154.706165,0.0
259200.0,3598.290629645996,98.10217949368693,0.0,99009027307.05412,12560708451.676817,0.0,149559572680.4727,10550033115.88926,0.0
345600.0,5395.967447498949,196.25122716354295,0.0,98514039043.02885,15677414441.961916,0.0,149339445106.35605,13181725088.083256,0.0
432000.0,7551.289359728273,343.4907187946611,0.0,97920700610.90894,18778468895.28662,0.0,149075396481.79114,15809540418.62986,0.0
518400.0,10062.951172548437,549.6170876194656,0.0,97229461193.44742,21860748422.831947,0.0,148767496830.1128,18432705475.20819,0.0
604800.0,12929.35739764222,824.3985059766694,0.0,96440870393.44366,24921139516.399685,0.0,148415831233.77423,21050447987.060123,0.0
691200.0,16148.622305490322,1177.565720981249,0.0,95555578243.14288,27956541853.270287,0.0,148020499803.73303,23661997385.702866,0.0
777600.0,19718.570286360136,1618.802835599441,0.0,94574335100.61787,30963871623.60424,0.0,147581617639.46802,26266585144.81596,0.0
864000.0,23636.736524488595,2157.738046161081,0.0,93497991430.89563,33940064876.31125,0.0,147099314779.66278,28863445118.989697,0.0
950400.0,27900.367990575895,2803.9343477786456,0.0,92327497469.74527,36882080879.13711,0.0,146573736143.6036,31451813881.022537,0.0
1036800.0,32506.424757256507,3566.88021956384,0.0,91063902768.21193,39786905488.5492,0.0,146005041463.3514,34030931057.456463,0.0
1123200.0,37451.58164173157,4455.980301936079,0.0,89708355616.16109,42651554524.83897,0.0,145393405206.7581,36600039662.04118,0.0
1209600.0,42732.23017923312,5480.546078700414,0.0,88262102343.29121,45473077147.70449,0.0,144739016491.40985,39158386426.82097,0.0
1296000.0,48344.480930446356,6649.786576932896,0.0,86726486496.27795,48248559227.429405,0.0,144042078989.59048,41705222130.541336,0.0
1382400.0,54284.1661254424,7972.799098046696,0.0,85102947890.9302,50975126706.63686,0.0,143302810824.3688,44239801924.07697,0.0
1468800.0,60546.84264607163,9458.559993720122,0.0,83393021538.46735,53649948947.469925,0.0,142521444456.92535,46761385652.58719,0.0
1555200.0,67127.79534813814,11115.915500645691,0.0,81598336445.26639,56270242058.933846,0.0,141698226565.24426,49269238174.11044,0.0
1641600.0,74022.04072402109,12953.572648305273,0.0,79720614285.67807,58833272199.0319,0.0,140833417914.30634,51762629674.315575,0.0
1728000.0,81224.33090572932,14980.090254187944,0.0,77761667947.77036,61336358846.23576,0.0,139927293217.9305,54240835977.13375,0.0
1814400.0,88729.15800767517,17203.87002104235,0.0,75723399952.12675,63776878034.75488,0.0,138980140992.42004,56703138851.00212,0.0
1900800.0,96530.75880773239,19633.147750892094,0.0,73607800744.1033,66152265548.007454,0.0,137992263402.18073,59148826310.45748,0.0
1987200.0,104623.11976440475,22275.984690639227,0.0,71416946860.23257,68460020064.64955,0.0,136963976097.4872,61577192912.82614,0.0
2073600.0,112999.98236717876,25140.25902413519,0.0,69152998969.753,70697706251.48897,0.0,135895608044.58327,63987540049.7642,0.0
2160000.0,121654.8488163679,28233.6575256096,0.0,66818199792.53798,72862957797.59772,0.0,134787501348.31085,66379176233.411095,0.0
2246400.0,130580.98802798023,31563.66738931301,0.0,64414871894.9986,74953480383.9417,0.0,133640011067.47086,68751417376.92805,0.0
2332800.0,139771.44195835927,35137.56825014951,0.0,61945415365.83746,76967054582.86888,0.0,132453505023.12721,71103587069.20227,0.0
2419200.0,149219.032242562,38962.42440994761,0.0,59412305373.83541,78901538681.83861,0.0,131228363600.07341,73435016843.50702,0.0
2505600.0,158916.3671396514,43045.07728384241,0.0,56818089610.15888,80754871425.83469,0.0,129964979541.68777,75745046439.91776,0.0
2592000.0,168855.84877729742,47392.13808101817,0.0,54165385617.98041,82525074672.98395,0.0,128663757738.41066,78033024061.29413,0.0
2678400.0,179029.68068730293,52009.980733788005,0.0,51456878012.507835,84210255958.00046,0.0,127325115010.08304,80298306622.64795,0.0
2764800.0,189429.87562290303,56904.73508866559,0.0,48695315594.81741,85808610958.19258,0.0,125949479882.39174,82540259993.72769,0.0
2851200.0,200048.2636479311,62082.280372714435,0.0,45883508363.18116,87318425856.90726,0.0,124537292357.67183,84758259234.66055,0.0
2937600.0,210876.50048720624,67548.23894804154,0.0,43024324425.86778,88738079599.44101,0.0,123089003680.32155,86951688824.50385,0.0
3024000.0,221906.07612677835,73307.97036683765,0.0,40120686819.678276,90066046036.62167,0.0,121605076097.08926,89119942882.56825,0.0
3110400.0,233128.32365197083,79366.56573885387,0.0,37175570238.75026,91300895951.45741,0.0,120085982612.49571,91262425382.38663,0.0
3196800.0,244534.4283104924,85728.84242264874,0.0,34191997678.427994,92441298964.45993,0.0,118532206739.6581,93378550358.21268,0.0
3283200.0,256115.4367872502,92399.33905133895,0.0,31173036999.24672,93486025313.47656,0.0,116944242246.78513,95467742103.94524,0.0
3369600.0,267862.26667688985,99382.31090294581,0.0,28121797416.318863,94433947504.10983,0.0,115322592899.61432,97529435364.38492,0.0
3456000.0,279765.71613951866,106681.72562474845,0.0,25041425919.63485,95284041827.06317,0.0,113667772200.06459,99563075518.74066,0.0
3542400.0,291816.4737245362,114301.25932033612,0.0,21935103631.001408,96035389739.02599,0.0,111980303121.37805,101568118756.31525,0.0
3628800.0,304005.1283470076,122244.29300729955,0.0,18806042103.534428,96687179103.99983,0.0,110260717840.02591,103544032244.30951,0.0
3715200.0,316322.1794005691,130513.90945271628,0.0,15657479569.800375,97238705292.26863,0.0,108509557464.6532,105490294287.6961,0.0
3801600.0,328758.046990457,139112.8903927715,0.0,12492677144.859354,97689372134.52861,0.0,106727371762.33682,107406394481.12433,0.0
3888000.0,341303.0822699004,148043.7141420168,0.0,9314914990.602997,98038692729.01682,0.0,104914718882.43057,109291833852.8285,0.0
3974400.0,353947.57786281925,157308.55359690785,0.0,6127488447.9009285,98286290099.80902,0.0,103072165078.26955,111146125000.52281,0.0
4060800.0,366681.77835551975,166909.2746373813,0.0,2933704143.169816,98431897704.79784,0.0,101200284427.00441,112968792219.27582,0.0
4147200.0,379495.8908398877,176847.43492933668,0.0,-263123923.9414692,98475359792.2075,0.0,99299658547.8341,114759371621.36847,0.0
4233600.0,392380.09549043764,187124.2831299807,0.0,-3459678304.998818,98416631604.8529,0.0,97370876318.9027,116517411248.14905,0.0
4320000.0,405324.5561574918,197740.7584970784,0.0,-6652642032.573454,98255779431.70406,0.0,95414533593.12318,118242471173.90858,0.0
4406400.0,418319.430958735,208697.49090223573,0.0,-9838702548.57259,97992980506.67346,0.0,93431232913.18777,119934123601.80977,0.0
4492800.0,431354.8828514162,219994.8012474203,0.0,-13014555624.31343,97628522754.89934,0.0,91421583226.02003,121591952951.91165,0.0
4579200.0,444421.0901675508,231632.7022830129,0.0,-16176909265.572355,97162804387.15283,0.0,89386199596.92062,123215555941.34158,0.0
4665600.0,457508.2570946149,243610.89982477468,0.0,-19322487595.89124,96596333343.3491,0.0,87325702923.65341,124804541656.67465,0.0
4752000.0,470606.6240844143,255928.79436622057,0.0,-22448034711.494354,95929726586.48967,0.0,85240719650.71434,126358531618.58908,0.0
4838400.0,483706.47817305586,268585.4830820091,0.0,-25550318501.261677,95163709248.70557,0.0,83131881484.02005,127877159838.87468,0.0
4924800.0,496798.163195247,281579.76221709757,0.0,-28626134425.317207,94299113631.40527,0.0,80999825106.24794,129360072869.87894,0.0
5011200.0,509872.08987649484,294910.1298555738,0.0,-31672309245.92352,93336878061.85756,0.0,78845191893.05386,130806929846.48297,0.0
5097600.0,522918.74578717427,308574.7890622612,0.0,-34685704704.52542,92278045608.85564,0.0,76668627630.3875,132217402520.70685,0.0
5184000.0,535928.7051428761,322571.6513894107,0.0,-37663221138.955574,91123762660.41394,0.0,74470782233.11945,133591175289.05061,0.0
5270400.0,548892.638435933,336898.34074004245,0.0,-40601801035.002106,89875277366.74155,0.0,72252309465.18796,134927945212.68385,0.0
5356800.0,561801.3218835493,351552.19757877843,0.0,-43498432506.74207,88533937952.01566,0.0,70013866661.46617,136227422030.60275,0.0
5443200.0,574645.6466785289,366530.28348033223,0.0,-46350152700.263405,87101190898.74298,0.0,67756114451.54466,137489328165.8795,0.0
5529600.0,587416.6280291963,381829.38600517757,0.0,-49154051115.63113,85578579008.74673,0.0,65479716485.61688,138713398725.1344,0.0
5616000.0,600105.4139757458,397446.02389132,0.0,-51907272842.199844,83967739345.04974,0.0,63185339162.648186,139899381491.36612,0.0
5702400.0,612703.2939709149,413376.4525505399,0.0,-54607021702.63207,82270401059.14044,0.0,60873651361.00212,141047036910.2799,0.0
5788800.0,625201.7072135744,429616.66985696607,0.0,-57250563301.25039,80488383108.3074,0.0,58545324171.69048,142156138070.2588,0.0
5875200.0,637592.2507245408,446162.4222153719,0.0,-59835227972.62866,78623591867.90845,0.0,56201030634.40636,143226470676.12607,0.0
5961600.0,649866.6871546523,463009.2108961736,0.0,-62358413626.612755,76678018643.60248,0.0,53841445476.49208,144257833016.8513,0.0
6048000.0,662016.9523159025,480152.2986237375,0.0,-64817588486.2527,74653737088.71544,0.0,51467244854.98675,145250035927.3556,0.0
6134400.0,674035.1624271857,497586.7164042864,0.0,-67210293715.42488,72552900532.03612,0.0,49079106101.89047,146202902744.57474,0.0
6220800.0,685913.6210669882,515307.27057942224,0.0,-69534145933.22316,70377739221.44276,0.0,46677707472.77528,147116269257.94122,0.0
6307200.0,697644.8258261323,533308.5500910606,0.0,-71786839612.50056,68130557488.8474,0.0,44263727898.865166,147989983654.44904,0.0
6393600.0,709221.4746544663,551584.9339433983,0.0,-73966149360.24696,65813730842.01205,0.0,41837846742.70035,148823906458.46658,0.0
6480000.0,720636.4718961735,570130.5988474116,0.0,-76069932077.79153,63429702988.839325,0.0,39400743557.49375,149617910466.46497,0.0
6566400.0,731882.9340091527,588939.5270332997,0.0,-78096128999.12106,60980982799.76986,0.0,36953097850.28017,150371880676.83032,0.0
6652800.0,742954.1949646879,608005.5142162605,0.0,-80042767605.90436,58470141213.930855,0.0,34495588848.95155,151085714214.9297,0.0
6739200.0,753843.8113243936,627322.1777009956,0.0,-81907963418.10844,55899808094.6743,0.0,32028895273.264725,151759320253.60083,0.0
6825600.0,764545.5669921625,646882.9646103965,0.0,-83689921659.38287,53272669040.1206,0.0,29553695109.9007,152392619929.23697,0.0
6912000.0,775053.4776395805,666681.1602239667,0.0,-85386938796.67311,50591462154.28414,0.0,27070665391.64805,152985546253.63736,0.0
6998400.0,785361.7948039855,686709.896411666,0.0,-86997403953.80104,47858974784.30242,0.0,24580481980.77567,153538044021.7945,0.0
7084800.0,795465.0096590427,706962.1601490467,0.0,-88519800199.02097,45078040229.220245,0.0,22083819356.653843,154050069715.7888,0.0
7171200.0,805357.8564583813,727430.8020997611,0.0,-89952705706.81975,42251534425.69652,0.0,19581350407.67573,154521591404.9605,0.0
7257600.0,815035.315653486,748108.5452517659,0.0,-91294794794.48175,39382372615.903366,0.0,17073746227.5251,154952588642.52832,0.0
7344000.0,824492.6166876581,768987.9935938322,0.0,-92544838834.18007,36473506002.77756,0.0,14561675915.829716,155343052358.82227,0.0
7430400.0,833725.2404684584,790061.6408192762,0.0,-93701707041.58641,33527918397.662205,0.0,12045806383.23373,155692984751.29816,0.0
7516800.0,842728.9215216052,811321.879044161,0.0,-94764367142.21083,30548622865.244743,0.0,9526802160.916351,156002399171.49866,0.0
7603200.0,851499.6498298444,832761.0075275851,0.0,-95731885916.8903,27538658370.55488,0.0,7005325214.578295,156271320009.12454,0.0
7689600.0,860033.6723608054,854371.2413820548,0.0,-96603429628.0401,24501086432.63553,0.0,4482034762.911791,156499782573.37808,0.0
7776000.0,868327.4942883372,876144.7202623378,0.0,-97378264328.46489,21438987789.341152,0.0,1957587100.5644836,156687832971.738,0.0
7862400.0,876377.8799122544,898073.5170216272,0.0,-98055756054.69684,18355459077.552345,0.0,-567364574.3978171,156835527986.3237,0.0
7948800.0,884181.853281837,920149.6463242676,0.0,-98635370906.9849,15253609532.92429,0.0,-3092170328.529682,156942934948.00357,0.0
8035200.0,891736.6985287972,942365.0732047593,0.0,-99116675018.20433,12136557713.11028,0.0,-5616183656.551044,157010131608.40018,0.0
8121600.0,899039.9599157756,964711.7215632038,0.0,-99499334414.08684,9007428248.221224,0.0,-8138761640.408526,157037206009.94217,0.0
8208000.0,906089.441606732,987181.4825878316,0.0,-99783114767.2902,5869348622.098559,0.0,-10659265103.867626,157024256354.11008,0.0
8294400.0,912883.2071658805,1009766.223095721,0.0,-99967881047.93243,2725445987.792238,0.0,-13177058762.654692,156971390868.02017,0.0
8380800.0,919419.5787920568,1032457.7937832988,0.0,-100053597073.30821,-421155979.5516591,0.0,-15691511370.171844,156878727669.48776,0.0
8467200.0,925697.1362956235,1055248.0373786911,0.0,-100040324959.58687,-3567340189.376908,0.0,-18201995858.812046,156746394630.7081,0.0
8553600.0,931714.7158251998,1078128.7966884726,0.0,-99928224478.35902,-6709999199.14748,0.0,-20707889476.905376,156574529240.68982,0.0
8640000.0,937471.4083516538,1101091.9225318397,0.0,-99717552320.95656,-9846038231.879679,0.0,-23208573921.33125,156363278466.57278,0.0
8726400.0,942966.5579169185,1124129.2815557083,0.0,-99408661273.51532,-12972378145.318487,0.0,-25703435465.834797,156112798613.9588,0.0
8812800.0,948199.7596552885,1147232.7639247018,0.0,-99001999305.78476,-16085958350.48334,0.0,-28191865085.08895,155823255186.38022,0.0
8899200.0,953170.8575949185,1170394.2908804566,0.0,-98498108576.71161,-19183739677.488342,0.0,-30673258574.54689,155494822744.02814,0.0
8985600.0,957879.9422472878,1193605.822165127,0.0,-97897624359.8386,-22262707186.718376,0.0,-33147016666.13245,155127684761.8585,0.0
9072000.0,962327.3479924113,1216859.3633044094,0.0,-97201273891.56226,-25319872923.61487,0.0,-35612545139.81889,154722033487.1906,0.0
9158400.0,966513.6502675652,1240146.9727458404,0.0,-96409875145.2883,-28352278615.492977,0.0,-38069254931.149025,154278069796.90964,0.0
9244800.0,970439.6625672714,1263460.7688485389,0.0,-95524335534.50838,-31356998308.97489,0.0,-40516562234.752075,153796003054.3803,0.0
9331200.0,974106.4332622283,1286792.9367209692,0.0,-94545650547.79929,-34331140946.781593,0.0,-42953888603.91503,153276050966.17642,0.0
9417600.0,977515.2422448046,1310135.7349036948,0.0,-93474902318.71503,-37271852882.77753,0.0,-45380661046.26819,152718439438.72623,0.0
9504000.0,980667.5974086252,1333481.5018944647,0.0,-92313258133.50433,-40176320334.30858,0.0,-47796312115.64668,152123402434.9712,0.0
9590400.0,983565.230969667,1356822.662513336,0.0,-91061968879.54195,-43041771771.01354,0.0,-50200280000.19148,151491181831.13132,0.0
9676800.0,986210.0956361648,1380151.734105884,0.0,-89722367437.31125,-45865480239.42268,0.0,-52592008606.75501,150822027273.66696,0.0
9763200.0,988604.3606344841,1403461.3325828733,0.0,-88295867018.71967,-48644765622.78354,0.0,-54970947641.67802,150116196036.52365,0.0
9849600.0,990750.4075979715,1426744.1782950738,0.0,-86783959454.4673,-51376996835.67401,0.0,-57336552688.005646,149373952878.74295,0.0
9936000.0,992650.8263256293,1449993.1017422038,0.0,-85188213433.12325,-54059593953.07572,0.0,-59688285279.21197,148595569902.51846,0.0
10022400.0,994308.4104172891,1473201.0491152504,0.0,-83510272694.49442,-56690030273.68648,0.0,-62025612969.503075,147781326411.77344,0.0
10108800.0,995726.1527917768,1496361.087671677,0.0,-81751854179.79866,-59265834317.34965,0.0,-64348009400.77002,146931508771.3322,0.0
10195200.0,996907.2410943717,1519466.4109432697,0.0,-79914746141.0774,-61784591756.56986,0.0,-66654954366.263535,146046410266.75507,0.0
10281600.0,997855.0529996679,1542510.3437765893,0.0,-78000806212.20453,-64243947282.169334,0.0,-68945933871.06325,145126330964.90216,0.0
10368000.0,998573.1514157424,1565486.3472062075,0.0,-76011959443.76767,-66641606403.21668,0.0,-71220440189.4145,144171577575.28955,0.0
10454400.0,999065.2795953287,1588388.0231610832,0.0,-73950196304.01495,-68975337181.43088,0.0,-73477971919.00668,143182463312.29636,0.0
10540800.0,999335.3561594887,1611209.1190046095,0.0,-71817570647.97769,-71242971900.32678,0.0,-75718034032.26678,142159307758.27966,0.0
10627200.0,999387.4700390588,1633943.5319090101,0.0,-69616197656.79465,-73442408669.42575,0.0,-77940137924.74284,141102436727.65024,0.0
10713600.0,999225.8753389403,1656585.3130648998,0.0,-67348251749.17899,-75571612963.90527,0.0,-80143801460.65137,140012182131.95908,0.0
10800000.0,998854.986130086,1679128.6717269395,0.0,-65015964466.884796,-77628619100.10548,0.0,-82328549015.66331,138888881846.04205,0.0
10886400.0,998279.3711738281,1701567.9790966224,0.0,-62621622335.94561,-79611531647.34782,0.0,-84493911517.0031,137732879575.2667,0.0
10972800.0,997503.7485829801,1723897.7720433073,0.0,-60167564705.37452,-81518526776.55267,0.0,-86639426480.93484,136544524723.92247,0.0
11059200.0,996532.9804239385,1746112.7566646924,0.0,-57656181564.9327,-83347853546.16808,0.0,-88764638047.70988,135324172264.79308,0.0
11145600.0,995372.0672638072,1768207.811687976,0.0,-55089911343.49288,-85097835125.94133,0.0,-90869097014.04945,134072182609.94633,0.0
11232000.0,994026.1426663673,1790177.9917129918,0.0,-52471238689.44501,-86766869959.07918,0.0,-92952360863.23576,132788921482.77496,0.0
11318400.0,992500.4676405205,1812018.5302986393,0.0,-49802692234.51433,-88353432863.35103,0.0,-95013993792.8846,131474759791.3184,0.0
11404800.0,990800.4250446435,1833724.842893936,0.0,-47086842342.2873,-89856076071.69324,0.0,-97053566740.47173,130130073502.8938,0.0
11491200.0,988931.5139501103,1855292.529615033,0.0,-44326298842.66853,-91273430212.87102,0.0,-99070657406.68521,128755243520.06142,0.0
11577600.0,986899.3439670614,1876717.3778695166,0.0,-41523708753.42224,-92604205232.74855,0.0,-101064850276.67464,127350655557.94748,0.0
11664000.0,984709.6295353277,1897995.364829304,0.0,-38681753989.885185,-93847191256.70747,0.0,-103035736639.26804,125916700022.94514,0.0
11750400.0,982368.1841832603,1919122.6597534046,0.0,-35803149063.874565,-95001259393.73926,0.0,-104982914604.22624,124453771892.8119,0.0
11836800.0,979880.9147570586,1940095.6261617849,0.0,-32890638772.754074,-96065362482.71838,0.0,-106905989117.60371,122962270598.17955,0.0
11923200.0,977253.8156230493,1960910.823861518,0.0,-29946995879.564754,-97038535781.34123,0.0,-108804571975.28415,121442599905.4908,0.0
12009600.0,974492.9628452297,1981565.0108263423,0.0,-26975018785.074104,-97919897598.18983,0.0,-110678281834.75813,119895167801.37442,0.0
12096000.0,971604.5083402647,2002055.144930688,0.0,-23977529192.54776,-98708649868.35078,0.0,-112526744225.20941,118320386378.46881,0.0
12182400.0,968594.6740120103,2022378.3855391508,0.0,-20957369766.002544,-99404078672.98828,0.0,-114349591555.97507,116718671722.70197,0.0
12268800.0,965469.7458675288,2042532.094952317,0.0,-17917401782.658443,-100005554703.23563,0.0,-116146463123.44444,115090443802.034,0.0
12355200.0,962236.068116465,2062513.8397097508,0.0,-14860502780.269712,-100512533668.73317,0.0,-117917005116.45999,113436126356.66649,0.0
12441600.0,958900.0372555688,2082321.391750867,0.0,-11789564199.98236,-100924556651.10164,0.0,-119660870620.28282,111756146790.72108,0.0
12528000.0,955468.0961400722,2101952.7294343077,0.0,-8707489025.336452,-101241250402.59947,0.0,-121377719619.18419,110050936065.38835,0.0
12614400.0,951946.7280435665,2121406.038416347,0.0,-5617189418.007259,-101462327590.17024,0.0,-123067218997.72337,108320928593.54596,0.0
12700800.0,948342.4507079703,2140679.712388738,0.0,-2521584350.859325,-101587586985.04317,0.0,-124729042540.77115,106566562135.84398,0.0
12787200.0,944661.8103851409,2159772.353676305,0.0,576402761.1280694,-101616913598.00467,0.0,-126362870932.337,104788277698.25337,0.0
12873600.0,940911.3758716456,2178682.7736944864,0.0,3673846431.5165873,-101550278760.41393,0.0,-127968391753.25711,102986519431.07239,0.0
12960000.0,937097.7325381957,2197409.9932668987,0.0,6767821474.104767,-101387740150.98914,0.0,-129545299477.79887,101161734529.3842,0.0
13046400.0,933227.4763552329,2215953.2428029086,0.0,9855405375.125284,-101129441768.34532,0.0,-131093295469.23679,99314373134.95778,0.0
13132800.0,929307.2079161666,2234311.9623350604,0.0,12933680665.402111,-100775613849.218,0.0,-132612087974.45308,97444888239.5827,0.0
13219200.0,925343.5264597704,2252485.801416108,0.0,15999737291.919044,-100326572732.26122,0.0,-134101392117.6156,95553735589.82741,0.0
13305600.0,921343.0238932747,2270474.618875289,0.0,19050674988.239475,-99782720667.26306,0.0,-135560929892.98402,93641373593.20921,0.0
13392000.0,917312.2788177311,2288278.482433363,0.0,22083605643.201183,-99144545569.57687,0.0,-136990430156.89447,91708263225.7633,0.0
13478400.0,913257.85055727,2305897.6681758333,0.0,25095655667.289333,-98412620719.5229,0.0,-138389628618.9712,89754867940.99684,0.0
13564800.0,909186.2731939354,2323332.6598836654,0.0,28083968356.065857,-97587604406.47272,0.0,-139758267832.61322,87781653580.21326,0.0
13651200.0,905104.0496098495,2340584.1482207184,0.0,31045706250.004036,-96670239517.28787,0.0,-141096097184.80203,85789088284.191,0.0
13737600.0,901017.6455385435,2357653.0297770053,0.0,33978053490.043404,-95661353068.74551,0.0,-142402872885.27585,83777642406.19981,0.0
13824000.0,896933.483627382,2374540.4059668137,0.0,36878218168.142105,-94561855683.54648,0.0,-143678357955.11447,81747788426.3371,0.0
13910400.0,892857.9375131115,2391247.5817806255,0.0,39743434672.06186,-93372741009.46715,0.0,-144922322214.77747,79700000867.16557,0.0
13996800.0,888797.3259126776,2407776.0643897047,0.0,42570966023.57447,-92095085081.18428,0.0,-146134542271.63745,77634756210.63326,0.0
14083200.0,884757.906731575,2424127.561602145,0.0,45358106209.22877,-90730045624.27313,0.0,-147314801507.04916,75552532816.2555,0.0
14169600.0,880745.8711921334,2440303.9801691114,0.0,48102182502.762985,-89278861300.85309,0.0,-148462890062.9935,73453810840.53845,0.0
14256000.0,876767.3379842759,2456307.4239399456,0.0,50800557778.18998,-87742850896.33292,0.0,-149578604828.33478,71339072157.62256,0.0
14342400.0,872828.3474414452,2472140.191864773,0.0,53450632812.5216,-86123412446.68843,0.0,-150661749424.72836,69208800281.12378,0.0
14428800.0,868934.8557445464,2487804.7758432007,0.0,56049848577.03403,-84422022305.69109,0.0,-151712134192.21445,67063480287.1502,0.0
14515200.0,865092.7291569251,2503303.858417674,0.0,58595688515.90828,-82640234151.49474,0.0,-152729576174.53296,64903598738.470566,0.0
14601600.0,861307.7382935741,2518640.310310054,0.0,61085680811.009285,-80779677931.98186,0.0,-153713899104.19293,62729643609.81103,0.0
14688000.0,857585.5524279431,2533817.18779996,0.0,63517400631.49368,-78842058748.26897,0.0,-154664933387.3293,60542104214.25584,0.0
14774400.0,853931.7338399148,2548837.729943439,0.0,65888472366.86036,-76829155675.77403,0.0,-155582516088.37833,58341471130.72721,0.0
14860800.0,850351.7322087042,2563705.355630552,0.0,68196571841.9794,-74742820522.25745,0.0,-156466490914.6018,56128236132.51922,0.0
14947200.0,846850.8790546382,2578423.660480491,0.0,70439428512.55493,-72584976522.2619,0.0,-157316708200.48987,53902892116.86003,0.0
15033600.0,843434.3822339745,2592996.4135728986,0.0,72614827639.39502,-70357616967.39598,0.0,-158133024892.06992,51665933035.47655,0.0
15120000.0,840107.3204911296,2607427.554014124,0.0,74720612439.77823,-68062803771.931725,0.0,-158915304531.14944,49417853826.13509,0.0
15206400.0,836874.6380728926,2621721.187337231,0.0,76754686214.12178,-65702665973.217766,0.0,-159663417239.51828,47159150345.13142,0.0
15292800.0,833741.1394094151,2635881.5817346666,0.0,78715014446.07048,-63279398166.44716,0.0,-160377239703.13562,44890319300.70303,0.0
15379200.0,830711.4838669845,2649913.1641226117,0.0,80599626874.03961,-60795258873.363205,0.0,-161056655156.32584,42611858187.33664,0.0
15465600.0,827790.1805777963,2663820.5160361603,0.0,82406619532.1588,-58252568844.53705,0.0,-161701553366.00595,40324265220.94297,0.0
15552000.0,824981.5833521592,2677608.3693546243,0.0,84134156758.47803,-55653709294.90817,0.0,-162311830615.96677,38028039274.87136,0.0
15638400.0,822289.8856787769,2691281.601856415,0.0,85780473168.21156,-53001120072.343094,0.0,-162887389691.22882,35723679816.73597,0.0
15724800.0,819719.1158189577,2704845.232603143,0.0,87343875589.71187,-50297297759.03868,0.0,-163428139862.49304,33411686846.025387,0.0
15811200.0,817273.1320008113,2718304.417152757,0.0,88822744960.78256,-47544793705.67474,0.0,-163933996870.7051,31092560832.4673,0.0
15897600.0,814955.6177196896,2731664.442601779,0.0,90215538182.85954,-44746211998.30579,0.0,-164404882911.7519,28766802655.119526,0.0
15984000.0,812770.0771513222,2744930.722456911,0.0,91520789930.5109,-41904207358.074356,0.0,-164840726621.30667,26434913542.158745,0.0
16070400.0,810719.8306842848,2758108.79133654,0.0,92737114413.63153,-39021482973.92788,0.0,-165241463059.83987,24097395011.338028,0.0
16156800.0,808808.0105786157,2771204.299502946,0.0,93863207089.63689,-36100788268.62806,0.0,-165607033697.81006,21754748811.08418,0.0
16243200.0,807037.5567575612,2784223.007226294,0.0,94897846322.89244,-33144916598.455276,0.0,-165937386401.05008,19407476862.205788,0.0
16329600.0,805411.2127395896,2797170.7789818035,0.0,95839894988.55289,-30156702887.131847,0.0,-166232475416.36142,17056081200.182808,0.0
16416000.0,803931.5217179559,2810053.5774818044,0.0,96688302017.92686,-27139021194.615566,0.0,-166492261357.32953,14701063918.008385,0.0
16502400.0,802600.8227952265,2822877.457544728,0.0,97442103882.43095,-24094782221.54969,0.0,-166716711190.3718,12342927109.553627,0.0
16588800.0,801421.2473802891,2835648.5598034435,0.0,98100426013.15018,-21026930750.296684,0.0,-166905798221.02896,9982172813.425917,0.0
16675200.0,800394.7157554721,2848373.1042557075,0.0,98662484152.98326,-17938443023.6306,0.0,-167059502080.50983,7619302957.291361,0.0
16761600.0,799522.9338214694,2861057.3836598997,0.0,99127585638.31822,-14832324062.316591,0.0,-167177808712.49857,5254819302.631916,0.0
16848000.0,798807.3900278353,2873707.756779596,0.0,99495130607.15985,-11711604922.965477,0.0,-167260710360.2325,2889223389.9077387,0.0
16934400.0,798249.3524968433,2886330.641480967,0.0,99764613130.61426,-8579339897.716042,0.0,-167308205553.8583,523016484.09528255,0.0
17020800.0,797849.8663485268,2898932.507687396,0.0,99935622264.62863,-5438603657.467652,0.0,-167320299098.07236,-1843300479.4283247,0.0
17107200.0,797609.7512347053,2911519.87019617,0.0,100007843018.88643,-2292488340.5601144,0.0,-167297002060.052,-4209226948.6840734,0.0
17193600.0,797529.5990897728,2924099.281362527,0.0,99981057239.77019,855899411.023757,0.0,-167238331757.68158,-6574262808.602472,0.0
17280000.0,797609.7721059625,2936677.323656808,0.0,99855144404.32652,4003441465.6753654,0.0,-167144311748.0782,-8937908434.276945,0.0
17366400.0,797850.4009407215,2949260.6021009367,0.0,99630082322.20107,7147011263.954826,0.0,-167014971816.4199,-11299664743.988596,0.0
17452800.0,798251.38316371,2961855.7365908995,0.0,99305947742.55539,10283476925.532816,0.0,-166850347965.07904,-13659033252.031635,0.0
17539200.0,798812.3819508016,2974469.354112396,0.0,98882916863.03387,13409704398.460796,0.0,-166650482403.06256,-16015516121.368734,0.0
17625600.0,799532.825032286,2987108.080857291,0.0,98361265737.91656,16522560647.760578,0.0,-166415423535.75974,-18368616216.145485,0.0
17712000.0,800411.9039022728,2999778.5342489863,0.0,97741370582.67401,19618916880.13388,0.0,-166145225954.99792,-20717837154.09307,0.0
17798400.0,801448.5732960595,3012487.3148853066,0.0,97023707972.23302,22695651801.40285,0.0,-165839950429.40527,-23062683358.848194,0.0
17884800.0,802641.5509419604,3025240.9984079613,0.0,96208854930.36748,25749654903.104065,0.0,-165499663895.07913,-25402660112.21919,0.0
17971200.0,803989.3175937932,3038046.1273081163,0.0,95297488907.74707,28777829774.47248,0.0,-165124439446.5578,-27737273606.427166,0.0
18057600.0,805490.1173498872,3050909.2026780755,0.0,94290387646.3078,31777097435.86869,0.0,-164714356328.0927,-30066030996.350925,0.0
18144000.0,807141.9582641136,3063836.6759195044,0.0,93188428927.75288,34744399689.523895,0.0,-164269499925.2171,-32388440451.804264,0.0
18230400.0,808942.6132540388,3076834.940419085,0.0,91992590204.15022,37676702483.30291,0.0,-163789961756.6067,-34704011209.87418,0.0
18316800.0,810889.621310871,3089910.3232029006,0.0,90703948108.76265,40570999283.017395,0.0,-163275839466.22696,-37012253627.34839,0.0
18403200.0,812980.28901541,3103069.0765812597,0.0,89323677845.43112,43424314448.66019,0.0,-162727236815.76105,-39312679233.26026,0.0
18489600.0,815211.6923637134,3116317.36979605,0.0,87853052455.02621,46233706609.77815,0.0,-162144263677.31122,-41604800781.57951,0.0
18576000.0,817580.6789056677,3129661.2806830807,0.0,86293441957.6919,48996272035.05635,0.0,-161527036026.36633,-43888132304.07635,0.0
18662400.0,820083.8701990993,3143106.7873622105,0.0,84646312369.8254,51709147991.051384,0.0,-160875675935.02692,-46162189163.38699,0.0
18748800.0,822717.6645814739,3156659.7599683623,0.0,82913224594.96841,54369516084.88761,0.0,-160190311565.47855,-48426488106.30818,0.0
18835200.0,825478.2402606246,3170325.952436819,0.0,81095833188.02739,56974605585.61747,0.0,-159471077163.7036,-50680547317.34804,0.0
18921600.0,828361.558725309,3184110.99435644,0.0,79195884992.4931,59521696718.84708,0.0,-158718113053.4208,-52923886472.56062,0.0
19008000.0,831363.3684757379,3198020.3829046497,0.0,77215217650.59232,62008123929.14188,0.0,-157931565630.24063,-55156026793.69118,0.0
19094400.0,834479.2090735299,3212059.474878247,0.0,75155757986.57489,64431279104.654854,0.0,-157111587356.0249,-57376491102.65895,0.0
19180800.0,837704.4155098483,3226233.4788342034,0.0,73019520263.61934,66788614758.36272,0.0,-156258336753.4368,-59584803876.40418,0.0
19267200.0,841034.1228897506,3240547.447354747,0.0,70808604315.12541,69077647160.25417,0.0,-155371978400.66803,-61780491302.12575,0.0
19353600.0,844463.2714300484,3255006.2694510682,0.0,68525193551.45497,71295959414.78958,0.0,-154452682926.32803,-63963081332.935555,0.0
19440000.0,847986.6117672224,3269614.6631200174,0.0,66171552843.479294,73441204477.94388,0.0,-153500627004.4802,-66132103743.955666,0.0
19526400.0,851598.7105711821,3284377.1680681314,0.0,63750026284.59231,75511108108.15443,0.0,-152515993349.80838,-68287090188.88383,0.0
19612800.0,855293.9564598904,3299298.1386172553,0.0,61263034833.1531,77503471745.52403,0.0,-151498970712.8973,-70427574257.05275,0.0
19699200.0,859066.5662091054,3314381.736805908,0.0,58713073837.62648,79416175313.67581,0.0,-150449753875.60843,-72553091531.00835,0.0
19785600.0,862910.5912507214,3329631.925700374,0.0,56102710446.9962,81247179938.72278,0.0,-149368543646.53296,-74663179644.63164,0.0
19872000.0,866819.9244524202,3345052.4629292907,0.0,53434580909.32997,82994530579.89923,0.0,-148255546856.50253,-76757378341.82896,0.0
19958400.0,870788.307170587,3360646.894455238,0.0,50711387761.67793,84656358566.50534,0.0,-147110976354.13727,-78835229535.81459,0.0
20044800.0,874809.3365676856,3376418.5485965232,0.0,47935896914.78481,86230884035.93922,0.0,-145935051001.40997,-80896277369.00961,0.0
20131200.0,878876.4731845539,3392370.530312007,0.0,45110934636.389626,87716418267.73318,0.0,-144727995669.205,-82940068273.58069,0.0
20217600.0,882983.048757352,3408505.7157613896,0.0,42239384437.17394,89111365908.6718,0.0,-143490041232.8484,-84966151032.6416,0.0
20304000.0,887122.2742681935,3424826.7471529525,0.0,39324183863.69924,90414227084.24924,0.0,-142221424567.58643,-86974076842.14056,0.0
20390400.0,891287.2482178072,3441336.0278902203,0.0,36368321202.94404,91623599391.92113,0.0,-140922388543.98752,-88963399373.45549,0.0
20476800.0,895470.9651079226,3458035.718028494,0.0,33374832103.31135,92738179771.82175,0.0,-139593182023.24274,-90933674836.71922,0.0
20563200.0,899666.3241204461,3474927.7300515985,0.0,30346796117.225212,93756766250.84985,0.0,-138234059852.33844,-92884462044.8961,0.0
20649600.0,903866.1379799007,3492013.724978576,0.0,27287333170.670006,94678259556.27534,0.0,-136845282859.07426,-94815322478.63104,0.0
20736000.0,908063.1419850464,3509295.108809382,0.0,24199599965.247356,95501664595.28316,0.0,-135427117846.89859,-96725820351.89145,0.0
20822400.0,912250.0031950782,3526773.0293179457,0.0,21086786318.5309,96226091797.14967,0.0,-133979837589.53279,-98615522678.4223,0.0
20908800.0,916419.3297553201,3544448.3732002084,0.0,17952111448.688534,96850758315.03912,0.0,-132503720825.35463,-100483999339.03362,0.0
20995200.0,920563.6803469007,3562321.7635840066,0.0,14798820209.513597,97374989084.71222,0.0,-130999052251.51047,-102330823149.73941,0.0
21081600.0,924675.5737445076,3580393.5579068484,0.0,11630179282.159977,97798217737.7552,0.0,-129466122517.72488,-104155569930.76665,0.0
21168000.0,928747.4984659756,3598663.8461668263,0.0,8449473330.010679,98119987367.26314,0.0,-127905228219.77556,-105957818576.45174,0.0
21254400.0,932771.9224971754,3617132.4495510636,0.0,5260001123.224042,98339951144.24602,0.0,-126316671892.60017,-107737151126.04196,0.0
21340800.0,936741.3030754295,3635798.919445224,0.0,2065071639.596004,98457872783.36758,0.0,-124700762003.00162,-109493152835.41832,0.0
21427200.0,940648.0965144956,3654662.5368267535,0.0,-1131999851.5498042,98473626856.97458,0.0,-123057812941.91629,-111225412249.75563,0.0
21513600.0,944484.7680540239,3673722.312043622,0.0,-4327895715.680418,98387198956.7257,0.0,-121388145016.21,-112933521277.13498,0.0
21600000.0,948243.8017163175,3692976.984979449,0.0,-7519299882.786205,98198685702.48419,0.0,-119692084439.96466,-114617075263.12314,0.0
21686400.0,951917.7101532011,3712425.0256049926,0.0,-10702901773.725079,97908294598.49431,0.0,-117969963325.21808,-116275673066.33237,0.0
21772800.0,955499.0444658311,3732064.6349151004,0.0,-13875400216.388649,97516343737.21689,0.0,-116222119672.11873,-117908917134.97368,0.0
21859200.0,958980.4039803708,3751893.7462493056,0.0,-17033507344.935587,97023261351.55408,0.0,-114448897358.4557,-119516413584.41548,0.0
21945600.0,962354.4459625892,3771910.0269933883,0.0,-20173952475.39391,96429585216.54349,0.0,-112650646128.52388,-121097772275.75883,0.0
22032000.0,965613.8952546371,3792110.880658341,0.0,-23293485951.011448,95735961901.9482,0.0,-110827721581.28297,-122652606895.43956,0.0
22118400.0,968751.5538174985,3812493.449332319,0.0,-26388882950.83222,94943145877.50896,0.0,-108980485157.76846,-124180535035.86664,0.0
22204800.0,971760.3101629126,3833054.616500325,0.0,-29456947255.09498,94051998472.95694,0.0,-107109304127.71143,-125681178277.10524,0.0
22291200.0,974633.1486589044,3853791.0102255554,0.0,-32494514961.188515,93063486695.20888,0.0,-105214551575.32343,-127154162269.61172,0.0
22377600.0,977363.1586934569,3874699.0066855536,0.0,-35498458144.05523,91978681905.47919,0.0,-103296606384.2017,-128599116818.02708,0.0
22464000.0,979943.5436812947,3895774.734055546,0.0,-38465688455.10964,90798758359.34525,0.0,-101355853221.30916,-130015675966.03398,0.0
22550400.0,982367.6298992289,3917014.07673062,0.0,-41393160653.9306,89524991613.09059,0.0,-99392682519.98244,-131403478082.28157,0.0
22636800.0,984628.8751360367,3938412.679877694,0.0,-44277876067.19406,88158756799.92622,0.0,-97407490461.92108,-132762165947.38109,0.0
22723200.0,986720.8771434039,3959965.954307587,0.0,-47116885969.536476,86701526779.94995,0.0,-95400678958.10934,-134091386841.97397,0.0
22809600.0,988637.3818750574,3981669.081656864,0.0,-49907294881.27586,85154870167.94879,0.0,-93372655628.6217,-135390792635.87306,0.0
22896000.0,990372.2915018336,4003517.0198685694,0.0,-52646263778.16691,83520449243.3775,0.0,-91323833781.26225,-136660039878.27611,0.0
22982400.0,991919.6721910891,4025504.5089604137,0.0,-55331013208.62766,81800017747.05727,0.0,-89254632388.98735,-137898789889.0494,0.0
23068800.0,993273.7616395333,4047626.077068499,0.0,-57958826314.14605,79995418569.3321,0.0,-87165476066.06006,-139106708851.07825,0.0
23155200.0,994428.9763492673,4069876.0467542186,0.0,-60527051748.854195,78108581334.59576,0.0,-85056795042.88408,-140283467903.6791,0.0
23241600.0,995379.9186375318,4092248.5415615793,0.0,-63033106494.54555,76141519887.25795,0.0,-82929025139.46436,-141428743237.0672,0.0
23328000.0,996121.383371402,4114737.492811824,0.0,-65474478567.702896,74096329684.3572,0.0,-80782607737.44057,-142542216187.8716,0.0
23414400.0,996648.3644194126,4137336.6466219565,0.0,-67848729615.40294,71975185100.14555,0.0,-78617989750.63911,-143623573335.6884,0.0
23500800.0,996956.0608128532,4160039.5711334934,0.0,-70153497397.26424,69780336648.07043,0.0,-76435623594.08849,-144672506600.66043,0.0
23587200.0,997039.8826102336,4182839.6639375775,0.0,-72386498150.90834,67514108125.65911,0.0,-74235967151.44232,-145688713342.0716,0.0
23673600.0,996895.4564591793,4205730.159682415,0.0,-74545528838.70749,65178893687.87324,0.0,-72019483740.75374,-146671896457.9402,0.0
23760000.0,996518.6308507788,4228704.137848901,0.0,-76628469273.89543,62777154854.54351,0.0,-69786642078.54407,-147621764485.59595,0.0
23846400.0,995905.4810621614,4251754.530680204,0.0,-78633284124.41911,60311417457.51933,0.0,-67537916242.10837,-148538031703.22202,0.0
23932800.0,995052.3137838291,4274874.131251111,0.0,-80558024793.2071,57784268533.17492,0.0,-65273785629.99978,-149420418232.34213,0.0
24019200.0,993955.6714290074,4298055.601662884,0.0,-82400831173.82466,55198353165.90266,0.0,-62994734920.63418,-150268650141.23108,0.0
24105600.0,992612.336123003,4321291.481349514,0.0,-84159933280.77411,52556371288.196754,0.0,-60701254028.95621,-151082459549.2244,0.0
24192000.0,991019.3333712647,4344574.195481312,0.0,-85833652753.98149,49861074442.8865,0.0,-58393838061.10735,-151861584731.90146,0.0
24278400.0,989173.9354055368,4367896.063451957,0.0,-87420404237.28584,47115262513.01898,0.0,-56072987267.0364,-152605770227.11398,0.0
24364800.0,987073.6642081621,4391249.307435264,0.0,-88918696631.01425,44321780424.817154,0.0,-53739206990.99233,-153314766941.82953,0.0
24451200.0,984716.2942152438,4414626.060998202,0.0,-90327134218.9842,41483514829.05072,0.0,-51393007619.83946,-153988332259.75797,0.0
24537600.0,982099.854699994,4438018.377756886,0.0,-91644417670.52286,38603390766.05651,0.0,-49034904529.13442,-154626230149.72604,0.0
24624000.0,979222.6318382005,4461418.2400625795,0.0,-92869344918.33125,35684368319.53122,0.0,-46665418026.90461,-155228231274.76324,0.0
24710400.0,976083.1704583109,4484817.567705051,0.0,-94000811913.24834,32729439264.09482,0.0,-44285073295.06744,-155794113101.85977,0.0
24796800.0,972680.2754791747,4508208.226620949,0.0,-95037813257.18546,29741623711.487785,0.0,-41894400328.42997,-156323660012.35486,0.0
24883200.0,969013.0130390008,4531582.037595222,0.0,-95979442715.7058,26723966760.12065,0.0,-39493933871.20846,-156816663412.9114,0.0
24969600.0,965080.711319564,4554930.784943991,0.0,-96824893611.91478,23679535152.541336,0.0,-37084213351.00754,-157272921847.03055,0.0
25056000.0,960882.9610701501,4578246.225167682,0.0,-97573459103.50645,20611413945.225224,0.0,-34665782810.19899,-157692241107.0567,0.0
25142400.0,956419.6158361441,4601520.095563627,0.0,-98224532344.97743,17522703194.92566,0.0,-32239190834.640427,-158074434346.6218,0.0
25228800.0,951690.7918975562,4624744.122787786,0.0,-98777606537.1731,14416514665.649942,0.0,-29804990479.674496,-158419322193.47418,0.0
25315200.0,946696.8679231321,4647910.031355672,0.0,-99232274866.47186,11295968560.1483,0.0,-27363739193.349827,-158726732862.63525,0.0
25401600.0,941438.4843460185,4671009.55207301,0.0,-99588230336.04044,8164190279.622256,0.0,-24915998736.805435,-158996502269.82428,0.0
25488000.0,935916.5424672436,4694034.4303871235,0.0,-99845265491.7082,5024307215.174646,0.0,-22462335101.76101,-159228474145.0889,0.0
25574400.0,930132.203293533,4716976.434650488,0.0,-100003272045.11086,1879445574.3374882,0.0,-20003318425.056263,-159422500146.5762,0.0
25660800.0,924086.8861162052,4739827.364288379,0.0,-100062240396.84274,-1267272754.173327,0.0,-17539522900.18343,-159578439974.37643,0.0
25747200.0,917782.2668380926,4762579.05786298,0.0,-100022259062.43504,-4412733294.515196,0.0,-15071526685.757923,-159696161484.3685,0.0
25833600.0,911220.2760555933,4785223.401026796,0.0,-99883514004.04143,-7553832033.813682,0.0,-12599911810.873314,-159775540801.9936,0.0
25920000.0,904403.0969031048,4807752.334358677,0.0,-99646287870.7669,-10687478425.707075,0.0,-10125264077.287935,-159816462435.88055,0.0
26006400.0,897333.1626671924,4830157.861076211,0.0,-99310959150.61713,-13810598344.936863,0.0,-7648172958.391777,-159818819391.2433,0.0
26092800.0,890013.1541779306,4852432.054618674,0.0,-98878001237.0768,-16920136990.762152,0.0,-5169231494.903754,-159782513282.96802,0.0
26179200.0,882445.9969849105,4874567.0660952255,0.0,-98347981413.34616,-20013061737.15483,0.0,-2689036187.2509875,-159707454448.3053,0.0
26265600.0,874634.8583254367,4896555.131593385,0.0,-97721559757.27504,-23086364927.90738,0.0,-208186884.58343506,-159593562059.07816,0.0
26352000.0,866583.143892443,4918388.57934333,0.0,-96999487970.03459,-26137066614.9562,0.0,2272713329.6209855,-159440764233.31558,0.0
26438400.0,858294.4944096411,4940059.836733921,0.0,-96182608131.55872,-29162217238.389774,0.0,4753058255.403685,-159248998146.21707,0.0
26524800.0,849772.7820213779,4961561.437176754,0.0,-95271851385.76984,-32158900246.772224,0.0,7232238697.66592,-159018210140.35132,0.0
26611200.0,841022.1065046204,4982886.026814955,0.0,-94268236558.57892,-35124234656.56881,0.0,9709642591.041157,-158748355834.98923,0.0
26697600.0,832046.7913104111,5004026.371073785,0.0,-93172868711.61674,-38055377549.6101,0.0,12184655128.335485,-158439400234.46814,0.0
26784000.0,822851.3794420417,5024975.3610504605,0.0,-91986937634.61378,-40949526507.67558,0.0,14656658892.569853,-158091317835.48184,0.0
26870400.0,813440.6291770862,5045726.019740978,0.0,-90711716279.29976,-43803921983.41539,0.0,17125033992.65516,-157704092733.18774,0.0
26956800.0,803819.5096403061,5066271.508102011,0.0,-89348559137.64201,-46615849606.96002,0.0,19589158202.728516,-157277718726.0198,0.0
27043200.0,793993.196234309,5086605.130946275,0.0,-87898900567.18379,-49382642427.69256,0.0,22048407105.17595,-156812199419.0933,0.0
27129600.0,783967.0659346859,5106720.342670046,0.0,-86364253066.1816,-52101683090.775566,0.0,24502154237.363846,-156307548326.08432,0.0
27216000.0,773746.692456198,5126610.752811782,0.0,-84746205501.17331,-54770405948.13575,0.0,26949771242.098007,-155763788969.46478,0.0
27302400.0,763337.8412964126,5146270.131441057,0.0,-83046421289.53862,-57386299103.713104,0.0,29390628021.825943,-155180954978.97067,0.0
27388800.0,752746.4646630086,5165692.414377244,0.0,-81266636539.53886,-59946906392.878075,0.0,31824092896.594334,-154559090188.17902,0.0
27475200.0,741978.6962907917,5184871.708237629,0.0,-79408658150.24663,-62449829296.00981,0.0,34249532765.769974,-153898248729.0665,0.0
27561600.0,731040.8461542682,5203802.295314797,0.0,-77474361873.69615,-64892728786.31129,0.0,36666313273.52852,-153198495124.4203,0.0
27648000.0,719939.3950814309,5222478.638283355,0.0,-75465690341.50441,-67273327112.01249,0.0,39073798978.111465,-152459904377.96942,0.0
27734400.0,708680.9892742154,5240895.384736208,0.0,-73384651058.13005,-69589409513.18172,0.0,41471353524.84742,-151682562062.10287,0.0
27820800.0,697272.434740886,5259047.371550744,0.0,-71233314362.85371,-71838825873.4266,0.0,43858339822.92955,-150866564403.03842,0.0
27907200.0,685720.6916454067,5276929.629085443,0.0,-69013811362.47896,-74019492306.82162,0.0,46234120225.9365,-150012018363.30438,0.0
27993600.0,674032.8685786562,5294537.385207511,0.0,-66728331836.668564,-76129392680.44739,0.0,48598056716.07944,-149119041721.3948,0.0
28080000.0,662216.2167561433,5311866.06915227,0.0,-64379122117.74655,-78166580072.96886,0.0,50949511092.15308,-148187763148.45657,0.0
28166400.0,650278.12414668,5328911.315215111,0.0,-61968482946.71263,-80129178169.71533,0.0,53287845161.16364,-147218322281.86578,0.0
28252800.0,638226.1095362782,5345668.966276863,0.0,-59498767307.13263,-82015382594.75478,0.0,55612420933.60148,-146210869795.5491,0.0
28339200.0,626067.8165313378,5362135.077163543,0.0,-56972378238.48698,-83823462180.47847,0.0,57922600822.321106,-145165567466.90466,0.0
28425600.0,613811.0075050112,5378305.917841435,0.0,-54391766630.47888,-85551760175.23022,0.0,60217747844.98573,-144082588240.17642,0.0
28512000.0,601463.5574904421,5394177.9764485145,0.0,-51759428999.72562,-87198695389.52644,0.0,62497225830.028046,-142962116286.13428,0.0
28598400.0,589033.4480244009,5409747.962163232,0.0,-49077905250.179825,-88762763281.42067,0.0,64760399626.07345,-141804347057.91248,0.0
28684800.0,576528.7609446662,5425012.807911687,0.0,-46349776418.55389,-90242536981.5684,0.0,67006635314.76595,-140609487342.85757,0.0
28771200.0,563957.6721443381,5439969.672914198,0.0,-43577662405.94881,-91636668258.54489,0.0,69235300426.93137,-139377755310.23782,0.0
28857600.0,551328.4452861103,5454615.945072282,0.0,-40764219696.82059,-92943888424.96152,0.0,71445764162.0062,-138109380554.66507,0.0
28944000.0,538649.4254793783,5468949.243196996,0.0,-37912139066.35125,-94163009184.91466,0.0,73637397610.65483,-136804604135.0809,0.0
29030400.0,525929.0329229218,5482967.419079577,0.0,-35024143277.22925,-95292923423.285,0.0,75809573980.49123,-135463678609.15913,0.0
29116800.0,513175.75651576195,5496668.559405271,0.0,-32102984766.785007,-96332605937.38573,0.0,77961668824.81519,-134086868062.97742,0.0
29203200.0,500398.1474386748,5510050.987511167,0.0,-29151443325.371605,-97281114111.43478,0.0,80093060274.26704,-132674448135.81175,0.0
29289600.0,487604.81270872575,5523113.264988805,0.0,-26172323766.82882,-98137588534.29985,0.0,82203129271.298,-131226706039.90875,0.0
29376000.0,474804.40870908427,5535854.193132246,0.0,-23168453591.82067,-98901253560.93495,0.0,84291259807.34724,-129743940575.09215,0.0
29462400.0,462005.6346962862,5548272.814232226,0.0,-20142680644.79238,-99571417817.89539,0.0,86356839162.61003,-128226462138.06175,0.0
29548800.0,449217.22628702346,5560368.412716923,0.0,-17097870765.252653,-100147474653.2824,0.0,88399258148.27502,-126674592726.24509,0.0
29635200.0,436447.9489264691,5572140.5161397755,0.0,-14036905434.051138,-100628902531.43185,0.0,90417911351.10205,-125088665936.06422,0.0
29721600.0,423706.591340081,5583588.896014716,0.0,-10962679415.289284,-101015265372.622,0.0,92412197380.20537,-123469026955.4831,0.0
29808000.0,411001.9589707765,5594713.568499065,0.0,-7878098394.475273,-101306212838.03389,0.0,94381519115.9007,-121816032550.70334,0.0
29894400.0,398342.86740332615,5605514.794924256,0.0,-4786076613.51076,-101501480560.15594,0.0,96325283960.46796,-120130051046.8801,0.0
29980800.0,385738.1357777868,5615993.082174429,0.0,-1689534503.0784159,-101600890318.77982,0.0,98242904090.67517,-118411462302.73264,0.0
30067200.0,373196.5801937734,5626149.182912861,0.0,1408603687.014832,-101604350162.69022,0.0,100133796711.90247,-116660657678.92859,0.0
30153600.0,360727.0071073601,5635984.095656083,0.0,4505412258.993671,-101511854477.10562,0.0,101997384313.6988,-114878040000.12474,0.0
30240000.0,348338.2067224057,5645499.06469541,0.0,7597966439.229344,-101323483996.8807,0.0,103833094926.598,-113064023510.55182,0.0
30326400.0,336038.94637810986,5654695.579865548,0.0,10683344750.774208,-101039405765.43538,0.0,105640362380.014,-111219033823.0355,0.0
30412800.0,323837.96393463545,5663575.376159794,0.0,13758631385.772549,-100659873039.3288,0.0,107418626561.02979,-109343507861.35103,0.0
30499200.0,311743.96115866397,5672140.433191286,0.0,16820918577.195787,-100185225138.35107,0.0,109167333673.88802,-107437893795.81427,0.0
30585600.0,299765.59711080213,5680392.97449962,0.0,19867308969.337265,-99615887240.96027,0.0,110885936499.98598,-105502650972.01788,0.0
30672000.0,287911.4815368136,5688335.466702079,0.0,22894917986.484245,-98952370124.84744,0.0,112573894658.17163,-103538249832.62714,0.0
30758400.0,276190.1682647192,5695970.6184886405,0.0,25900876199.16288,-98195269852.36977,0.0,114230674865.13214,-101545171832.15656,0.0
30844800.0,264610.1486098885,5703301.3794597825,0.0,28882331687.325443,-97345267400.54929,0.0,115855751195.66122,-99523909344.6552,0.0
30931200.0,253179.8447903356,5710330.938806107,0.0,31836452399.818493,-96403128235.29507,0.0,117448605342.58632,-97474965564.23528,0.0
31017600.0,241907.6033545313,5717062.723828646,0.0,34760428509.43549,-95369701829.46783,0.0,119008726876.13226,-95398854398.3863,0.0
31104000.0,230801.6886241552,5723500.398298687,0.0,37651474762.81827,-94245921124.36993,0.0,120535613502.4931,-93296100354.02446,0.0
31190400.0,219870.2761543293,5729647.860655883,0.0,40506832824.42821,-93032801934.21017,0.0,122028771321.37991,-91167238416.23463,0.0
31276800.0,209121.44621400526,5735509.242043339,0.0,43323773613.76082,-91731442293.06125,0.0,123487715082.3082,-89012813919.67102,0.0
31363200.0,198563.17728931463,5741088.904178333,0.0,46099599634.92584,-90343021743.80013,0.0,124911968439.3851,-86833382412.59038,0.0
31449600.0,188203.33961283884,5746391.437057288,0.0,48831647297.66,-88868800568.49629,0.0,126301064204.35301,-84629509513.50064,0.0
31536000.0,178049.68872191067,5751421.6564935725,0.0,51517289228.78086,-87310118959.6917,0.0,127654544597.64339,-82401770760.41675,0.0
31622400.0,168109.859049222,5756184.601486676,0.0,54153936573.02779,-85668396131.99844,0.0,128971961497.19202,-80150751452.72444,0.0
31708800.0,158391.35754918333,5760685.531421337,0.0,56739041282.17062,-83945129373.42654,0.0,130252876684.76456,-77877046485.6622,0.0
31795200.0,148901.5573636578,5764929.923095142,0.0,59270098391.197845,-82141893035.84486,0.0,131496862089.5394,-75581260177.44113,0.0
31881600.0,139647.69153087633,5768923.467573175,0.0,61744648280.324295,-80260337463.9733,0.0,132703500028.69342,-73264006089.03215,0.0
31968000.0,130636.84674153019,5772672.0668683,0.0,64160278921.484276,-78302187862.30403,0.0,133872383444.73534,-70925906836.65988,0.0
32054400.0,121875.95714623222,5776181.83044569,0.0,66514628107.89873,-76269243099.35492,0.0,135003116139.33041,-68567593897.0526,0.0
32140800.0,113371.79821873712,5779459.07155029,0.0,68805385665.22618,-74163374448.66757,0.0,136095313003.3605,-66189707405.50775,0.0
32227200.0,105130.98067951463,5782510.3033559425,0.0,71030295642.72601,-71986524265.97888,0.0,137148600242.96338,-63792895946.84297,0.0
32313600.0,97159.94448447585,5785342.234934998,0.0,73187158482.77951,-69740704602.01534,0.0,138162615601.2963,-61377816339.3127,0.0
32400000.0,89464.95288386158,5787961.767047321,0.0,75273833167.03035,-67427995750.3871,0.0,139137008575.7698,-58945133411.5811,0.0
32486400.0,82052.08655651165,5790375.987747719,0.0,77288239337.32036,-65050544730.09161,0.0,140071440630.4996,-56495519772.85251,0.0
32572800.0,74927.23782494554,5792592.16781093,0.0,79228359389.51077,-62610563702.1762,0.0,140965585403.7262,-54029655576.271065,0.0
32659200.0,68096.10495689444,5794617.755973478,0.0,81092240538.19241,-60110328320.154945,0.0,141819128909.9553,-51548228275.71185,0.0
32745600.0,61564.18655913524,5796460.3739918275,0.0,82877996850.20218,-57552176013.82769,0.0,142631769736.57413,-49051932376.09647,0.0
32832000.0,55336.77606968304,5798127.811516469,0.0,84583811244.77693,-54938504206.20822,0.0,143403219234.70346,-46541469177.37631,0.0
32918400.0,49418.95635460358,5799628.020781754,0.0,86207937458.09099,-52271768463.33482,0.0,144133201704.048,-44017546512.33755,0.0
33004800.0,43815.59441590597,5800969.111111496,0.0,87748701969.83936,-49554480576.80969,0.0,144821454571.51355,-41480878478.39206,0.0
33091200.0,38531.33621717031,5802159.343240613,0.0,89204505889.44704,-46789206578.9936,0.0,145467728563.3629,-38932185163.52889,0.0
33177600.0,33570.60163375221,5803207.123453285,0.0,90573826799.40454,-43978564690.86989,0.0,146071787870.68912,-36372192366.61109,0.0
33264000.0,28937.579534585835,5804120.997538403,0.0,91855220553.15294,-41125223202.68609,0.0,146633410307.9891,-33801631312.212543,0.0
33350400.0,24636.22300277745,5804909.644563356,0.0,93047323024.86774,-38231898287.583466,0.0,147152387464.6277,-31221238360.199455,0.0
33436800.0,20670.244702341635,5805581.870467488,0.0,94148851808.42072,-35301351748.53361,0.0,147628524848.98807,-28631754710.270477,0.0
33523200.0,17043.11239858081,5806146.601476874,0.0,95158607862.73329,-32336388699.017292,0.0,148061642025.11154,-26033926101.678688,0.0
33609600.0,13758.044639744165,5806612.87734243,0.0,96075477100.6735,-29339855178.00428,0.0,148451572741.63657,-23428502508.367527,0.0
33696000.0,10818.00660772325,5806989.8444036525,0.0,96898431918.59363,-26314635699.92281,0.0,148798165052.85434,-20816237829.761196,0.0
33782400.0,8225.70614564703,5807286.748480729,0.0,97626532663.5552,-23263650740.44479,0.0,149101281431.7067,-18197889577.457886,0.0
33868800.0,5983.589970327572,5807512.9275980685,0.0,98258929035.2449,-20189854159.056637,0.0,149360798874.55908,-15574218558.081749,0.0
33955200.0,4093.840077577677,5807677.804542754,0.0,98794861419.5484,-17096230559.53594,0.0,149576608997.5915,-12945988552.55629,0.0
34041600.0,2558.370348472047,5807790.8792617805,0.0,99233662150.72002,-13985792589.610802,0.0,149748618124.6581,-10313965992.068172,0.0
34128000.0,1378.8233646528188,5807861.721102404,0.0,99574756699.06454,-10861578181.240974,0.0,149876747366.47687,-7678919630.99618,0.0
34214400.0,556.5674407871713,5807899.960900337,0.0,99817664781.03502,-7726647733.12781,0.0,149960932691.02014,-5041620217.085098,0.0
34300800.0,92.6938822679245,5807915.282920978,0.0,99962001388.64566,-4584081237.232706,0.0,150001124984.98846,-2402840159.1489773,0.0
34387200.0,-11.985523793600407,5807917.4166593235,0.0,100007477735.10468,-1436975351.2609453,0.0,149997290106.26074,236646807.40774345,0.0
34473600.0,243.05922369916382,5807916.128504669,0.0,99953902113.5862,1711559580.7512836,0.0,149949408927.2266,2876065956.959056,0.0
34560000.0,858.0743212555028,5807921.213276683,0.0,99801180666.08604,4858402557.424715,0.0,149857477368.91882,5514641911.620663,0.0
34646400.0,1833.0203991495773,5807942.485639899,0.0,99549318059.3417,8000424996.09115,0.0,149721506425.8769,8151598980.509218,0.0
34732800.0,3167.571024309281,5807989.771404176,0.0,99198418064.84396,11134493853.216953,0.0,149541522181.6861,10786161499.996304,0.0
34819200.0,4861.111475171987,5808072.898719139,0.0,98748684040.02658,14257474786.309483,0.0,149317565815.1503,13417554174.653387,0.0
34905600.0,6912.737795724934,5808201.6891711075,0.0,98200419307.79102,17366235354.230186,0.0,149049693597.06992,16045002418.581787,0.0
34992000.0,9321.25613570429,5808385.948791484,0.0,97554027431.6068,20457648252.648666,0.0,148737976877.61035,18667732696.819668,0.0
35078400.0,12085.182383651521,5808635.45898608,0.0,96810012383.52402,23528594581.183697,0.0,148382502064.25974,21284972866.51646,0.0
35164800.0,15202.74209921804,5808959.9673953,0.0,95968978602.54381,26575967138.590706,0.0,147983370590.38757,23895952517.5639,0.0
35251200.0,18671.87075076914,5809369.178695585,0.0,95031630940.91493,29596673742.171425,0.0,147540698874.4294,26499903312.372078,0.0
35337600.0,22490.214263965663,5809872.745352965,0.0,93998774496.06035,32587640567.401073,0.0,147054618269.73444,29096059324.478836,0.0
35424000.0,26655.129886596806,5810480.258340015,0.0,92871314325.98656,35545815503.59233,0.0,146525275005.12555,31683657375.681194,0.0
35510400.0,31163.687374500038,5811201.23782793,0.0,91650255046.19067,38468171521.24442,0.0,145952830116.23352,34261937371.37876,0.0
35596800.0,36012.67050293481,5812045.1238658475,0.0,90336700306.25522,41351710046.560715,0.0,145337459367.6776,36830142633.82092,0.0
35683200.0,41198.57890727579,5813021.267059943,0.0,88931852144.50882,44193464338.460365,0.0,144679353166.1772,39387520232.95219,0.0
35769600.0,46717.63025635977,5814138.919265176,0.0,87437010219.33102,46990502863.25949,0.0,143978716464.6894,41933321314.55352,0.0
35856000.0,52565.76276125875,5815407.224302927,0.0,85853570915.8923,49739932662.05633,0.0,143235768657.6793,44466801425.38142,0.0
35942400.0,58738.63802166141,5816835.208718073,0.0,84183026327.34421,52438902705.72361,0.0,142450743467.63922,46987220835.01127,0.0
36028800.0,65231.64421142698,5818431.772589337,0.0,82426963109.70988,55084607232.291084,0.0,141623888822.9848,49493844854.09692,0.0
36115200.0,72039.89960423153,5820205.680407018,0.0,80587061209.97127,57674289061.39248,0.0,140755466727.46576,51985944148.764175,0.0
36201600.0,79158.25643955795,5822165.552032409,0.0,78665092467.10472,60205242880.35559,0.0,139845753121.23944,54462795050.8626,0.0
36288000.0,86581.30512858958,5824319.853753429,0.0,76662919086.0821,62674818496.43188,0.0,138895037733.7653,56923679863.80674,0.0
36374400.0,94303.37879885545,5826676.889451118,0.0,74582491985.12762,65080424049.5943,0.0,137903623928.68802,59367887163.74554,0.0
36460800.0,102318.55817574498,5829244.791891782,0.0,72425849016.80179,67419529180.27983,0.0,136871828540.8872,61794712095.80637,0.0
36547200.0,110620.67679826326,5832031.514159612,0.0,70195113063.77164,69689668146.41666,0.0,135799981705.8796,64203456665.16847,0.0
36633600.0,119203.32656563855,5835044.821244685,0.0,67892490010.41966,71888442884.05634,0.0,134688426681.76967,66593430022.729004,0.0
36720000.0,128059.8636106229,5838292.281801157,0.0,65520266591.74202,74013526005.92908,0.0,133537519663.95255,68963948745.13408,0.0
36806400.0,137183.41449454846,5841781.260090482,0.0,63080808121.288,76062663732.25555,0.0,132347629592.78098,71314337108.95613,0.0
36892800.0,146566.88271841887,5845518.908124326,0.0,60576556100.19694,78033678748.18245,0.0,131119137954.4164,73643927358.80867,0.0
36979200.0,156202.95554352994,5849512.158021692,0.0,58010025709.69344,79924472982.26163,0.0,129852438575.09071,75952059969.19913,0.0
37065600.0,166084.11111433065,5853767.714594615,0.0,55383803189.707115,81733030300.46379,0.0,128547937409.01253,78238083899.93053,0.0
37152000.0,176202.62587545638,5858292.0481764525,0.0,52700543106.58611,83457419110.3082,0.0,127206052320.15771,80501356844.87305,0.0
37238400.0,186550.58227409626,5863091.387706586,0.0,49962965513.17497,85095794869.79947,0.0,125827212858.18991,82741245473.93675,0.0
37324800.0,197119.87673809705,5868171.714084916,0.0,47173853004.823586,86646402495.99133,0.0,124411860028.7618,84957125668.08766,0.0
37411200.0,207902.22791946214,5873538.75380919,0.0,44336047675.18547,88107578668.14493,0.0,122960446058.45288,87148382747.25964,0.0
37497600.0,218889.18519217908,5879197.972907744,0.0,41452447975.94801,89477754020.61581,0.0,121473434154.60355,89314411691.02597,0.0
37584000.0,230072.13739260484,5885154.571179716,0.0,38526005484.913414,90755455220.78877,0.0,119951298260.30878,91454617351.90482,0.0
37670400.0,241442.32178995968,5891413.4767542975,0.0,35559721587.11598,91939306927.58264,0.0,118394522804.83846,93568414661.18448,0.0
37756800.0,252990.83327383065,5897979.340979981,0.0,32556644073.91724,93028033626.2676,0.0,116803602449.75333,95655228827.16475,0.0
37843200.0,264708.6337449673,5904856.533654133,0.0,29519863665.264202,94020461335.5747,0.0,115179041830.98822,97714495525.72227,0.0
37929600.0,276586.56169506843,5912049.138602573,0.0,26452510460.52672,94915519183.33066,0.0,113521355297.17546,99745661083.11865,0.0
38016000.0,288615.34196071385,5919560.949618137,0.0,23357750323.5458,95712240847.1189,0.0,111831066644.48264,101748182650.98112,0.0
38102400.0,300785.5956360878,5927395.466766439,0.0,20238781207.72525,96409765856.75108,0.0,110108708848.23943,103721528373.39676,0.0
38188800.0,313087.8501286811,5935555.893066313,0.0,17098829427.182756,97007340755.62831,0.0,108354823791.62831,105665177546.07185,0.0
38275200.0,325512.54934174014,5944045.131551592,0.0,13941145880.142693,97504320118.3793,0.0,106569961991.7135,107578620767.51932,0.0
38361600.0,338050.06396686303,5952865.782720049,0.0,10769002230.900616,97900167422.48134,0.0,104754682323.0817,109461360082.2472,0.0
38448000.0,350690.7018698235,5962020.142374501,0.0,7585687056.817791,98194455771.89757,0.0,102909551739.36685,111312909115.9324,0.0
38534400.0,363424.7185524348,5971510.199860165,0.0,4394501966.912521,98386868471.1008,0.0,101035144992.92935,113132793202.57391,0.0
38620800.0,376242.32767305104,5981337.636701519,0.0,1198757698.7029538,98477199448.1965,0.0,99132044352.9578,114920549503.62991,0.0
38707200.0,389133.71160814125,5991503.825640957,0.0,-1998229799.9771013,98465353526.20651,0.0,97200839322.25896,116675727119.15349,0.0
38793600.0,402089.0320372656,6002009.830080685,0.0,-5193143297.422276,98351346541.92679,0.0,95242126352.99847,118397887190.95126,0.0
38880000.0,415098.4405337305,6012856.403928332,0.0,-8382668205.968729,98135305312.12746,0.0,93256508561.6512,120086602997.7987,0.0
38966400.0,428152.089143205,6024043.991845864,0.0,-11563496504.5831,97817467447.21849,0.0,91244595443.4166,121741460042.7555,0.0
39052800.0,441240.1409326394,6035572.729900474,0.0,-14732330649.35377,97398181012.85947,0.0,89207002586.35027,123362056132.63304,0.0
39139200.0,454352.780491942,6047442.446615193,0.0,-17885887465.15212,96877904040.3442,0.0,87144351385.45804,124948001449.67526,0.0
39225600.0,467480.2243710403,6059652.664416097,0.0,-21020902011.79398,96257203886.94003,0.0,85057268756.99461,126498918615.52196,0.0
39312000.0,480612.7314351748,6072202.60147207,0.0,-24134131418.115173,95536756447.70541,0.0,82946386853.2031,128014442747.53236,0.0
39398400.0,493740.6131215505,6085091.173922244,0.0,-27222358677.4792,94717345220.64612,0.0,80812342777.7269,129494221507.55446,0.0
39484800.0,506854.2435807954,6098316.998485366,0.0,-30282396398.359356,93799860227.40016,0.0,78655778301.91943,130937915143.23274,0.0
39571200.0,519944.0696870551,6111878.39544454,0.0,-33311090503.781143,92785296791.96089,0.0,76477339582.27112,132345196521.95471,0.0
39657600.0,533000.6209009701,6125773.39199999,0.0,-36305323873.572845,91674754180.25682,0.0,74277676879.16743,133715751157.54301,0.0
39744000.0,546014.5189702557,6139999.725981717,0.0,-39262019923.55209,90469434103.70444,0.0,72057444277.18486,135049277229.80653,0.0
39830400.0,558976.4874531109,6154554.849913212,0.0,-42178146115.972565,89170639090.13423,0.0,69817299407.12555,136345485597.07019,0.0
39916800.0,571877.3610502348,6169435.935416673,0.0,-45050717395.76741,87779770725.76077,0.0,67557903169.98452,137604099801.80862,0.0
40003200.0,584708.0947318168,6184639.87794954,0.0,-47876799547.3526,86298327772.12285,0.0,65279919463.03639,138824856069.5146,0.0
40089600.0,597459.7726464869,6200163.301861512,0.0,-50653512466.99385,84727904162.15924,0.0,62984014908.22188,140007503300.93802,0.0
40176000.0,610123.6167998658,6216002.5657606935,0.0,-53378033345.993034,83070186879.80879,0.0,60670858583.0069,141151803057.8362,0.0
40262400.0,622690.9954910352,6232153.768176929,0.0,-56047599760.21353,81326953727.72864,0.0,58341121753.88024,142257529542.38007,0.0
40348800.0,635153.4314959506,6248612.753509942,0.0,-58659512661.73692,79500070987.91275,0.0,55995477612.64831,143324469570.36542,0.0
40435200.0,647502.6099875495,6265375.118249451,0.0,-61211139268.72487,77591490980.1621,0.0,53634601015.67819,144352422538.3819,0.0
40521600.0,659730.3861830457,6282436.217454031,0.0,-63699915849.84814,75603249523.50871,0.0,51259168226.233086,145341200385.09546,0.0
40608000.0,671828.7927096605,6299791.171475185,0.0,-66123350399.93892,73537463305.82803,0.0,48869856660.03653,146290627546.8031,0.0
40694400.0,683790.0466808105,6317434.872912754,0.0,-68479025203.820564,71396327166.98676,0.0,46467344634.1947,147200540907.4215,0.0
40780800.0,695606.5564755455,6335361.99378759,0.0,-70764599285.57004,69182111300.96739,0.0,44052311119.59861,148070789743.07333,0.0
40867200.0,707270.928214809,6353566.992917204,0.0,-72977810740.77109,66897158382.48584,0.0,41625435496.920616,148901235661.43677,0.0
40953600.0,718775.9719288768,6372044.1234799605,0.0,-75116478949.61917,64543880623.67431,0.0,39187397316.312546,149691752536.02588,0.0
41040000.0,730114.7074111023,6390787.440753295,0.0,-77178506669.04114,62124756766.43966,0.0,36738876060.90524,150442226435.57025,0.0
41126400.0,741280.369753873,6409790.810011368,0.0,-79161882002.29247,59642329016.12664,0.0,34280550914.202374,151152555548.66376,0.0
41212800.0,752266.414563444,6429047.914567583,0.0,-81064680244.7915,57099199922.117294,0.0,31813100531.45409,151822650103.85284,0.0
41299200.0,763066.5228510643,6448552.26394741,0.0,-82885065605.24197,54498029210.982155,0.0,29337202815.089176,152452432285.3353,0.0
41385600.0,773674.6055985539,6468297.202177053,0.0,-84621292801.38147,51841530577.76687,0.0,26853534694.27734,153041836144.4403,0.0
41472000.0,784084.807997204,6488275.916173631,0.0,-86271708529.97372,49132468440.94952,0.0,24362771908.686565,153590807507.06094,0.0
41558400.0,794291.5133595811,6508481.444222657,0.0,-87834752810.93445,46373654666.54066,0.0,21865588796.493675,154099303877.20944,0.0
41644800.0,804289.3467044896,6528906.684528858,0.0,-89308960205.74504,43567945266.72006,0.0,19362658086.699722,154567294336.86536,0.0
41731200.0,814073.1780160087,6549544.403826569,0.0,-90692960910.56303,40718237078.3126,0.0,16854650695.795393,154994759442.28552,0.0
41817600.0,823638.1251781511,6570387.24603621,0.0,-91985481724.6832,37827464426.30114,0.0,14342235528.815315,155381691116.94388,0.0
41904000.0,832979.5565872919,6591427.74095366,0.0,-93185346895.23811,34898595777.45811,0.0,11826079284.81401,155728092541.2677,0.0
41990400.0,842093.0934450988,6612658.31295965,0.0,-94291478839.24998,31934630389.049736,0.0,9306846266.79027,156033978039.33557,0.0
42076800.0,850974.6117352378,6634071.289736667,0.0,-95302898744.35786,28938594957.42971,0.0,6785198196.080899,156299372962.7004,0.0
42163200.0,859620.2438876465,6655658.910981215,0.0,-96218727049.74428,25913540271.19212,0.0,4261794031.2391267,156524313571.49915,0.0
42249600.0,868026.3801346555,6677413.337099682,0.0,-97038183808.97284,22862537873.3988,0.0,1737289791.4074883,156708846913.00854,0.0
42336000.0,876189.6695636873,6699326.657876481,0.0,-97760588936.62386,19788676737.234173,0.0,-787661615.8103061,156853030697.80435,0.0
42422400.0,884107.0208716871,6721390.901103554,0.0,-98385362340.77731,16695059959.272198,0.0,-3312410561.979152,156956933173.67877,0.0
42508800.0,891775.602826828,6743598.041160765,0.0,-98912023943.54198,13584801474.366442,0.0,-5836310860.969551,157020632997.46838,0.0
42595200.0,899192.8444433871,6765940.0075371815,0.0,-99340193591.96658,10461022795.996136,0.0,-8358719927.612167,157044219104.9425,0.0
42681600.0,906356.4348760132,6788408.693283695,0.0,-99669590861.7925,7326849785.719496,0.0,-10878998931.88488,157027790578.89844,0.0
42768000.0,913264.3230398966,6810995.963387894,0.0,-99900034756.61855,4185409455.2013283,0.0,-13396512948.651638,156971456515.60812,0.0
42854400.0,919914.7169636108,6833693.663062603,0.0,-100031443305.14708,1039826804.0959611,0.0,-15910631102.97666,156875335889.7566,0.0
42940800.0,926306.0828816202,6856493.625939939,0.0,-100063833059.26628,-2106778303.1203995,0.0,-18420726711.041546,156739557418.01077,0.0
43027200.0,932437.1440736424,6879387.682163269,0.0,-99997318495.7976,-5251294218.4608755,0.0,-20926177416.69669,156564259421.3527,0.0
43113600.0,938306.879458224,6902367.666369873,0.0,-99832111324.7988,-8390620547.1621685,0.0,-23426365323.68208,156349589686.30917,0.0
